code,system
8B29.00,readv2
G581.11,readv2
G580200,readv2
G580.11,readv2
G58..11,readv2
G580300,readv2
G232.00,readv2
G234.00,readv2
9h12.00,readv2
9hH1.00,readv2
662W.00,readv2
662p.00,readv2
9Or0.00,readv2
G400.00,readv2
G41z.11,readv2
G580100,readv2
H541000,readv2
G210100,readv2
G230.00,readv2
G210000,readv2
G210.00,readv2
G580.12,readv2
G580.13,readv2
G581000,readv2
G580000,readv2
G582.00,readv2
G21z100,readv2
G211100,readv2
I11.0,readv2
I11.0,readv2
G580.00,readv2
G580400,readv2
662T.00,readv2
I50.0,readv2
I50.0,readv2
G5yyA00,readv2
G554011,readv2
G554000,readv2
G580.14,readv2
G1yz100,readv2
G581.00,readv2
G581.13,readv2
I50.1,readv2
I50.1,readv2
G58z.12,readv2
G58z.00,readv2
H584.00,readv2
I50.9,readv2
I50.9,readv2
428.9,readv2
428,readv2
G5yy900,readv2
585f.00,readv2
585g.00,readv2
9Or..00,readv2
9On..00,readv2
9On2.00,readv2
9Or5.00,readv2
9N0k.00,readv2
H584z00,readv2
H541z00,readv2
23E1.00,readv2
G581.12,readv2
9hH0.00,readv2
9h11.00,readv2
8CL3.00,readv2
662g.00,readv2
388D.00,readv2
662f.00,readv2
662h.00,readv2
ZRad.00,readv2
662i.00,readv2
9On4.00,readv2
9Or1.00,readv2
9On1.00,readv2
9Or4.00,readv2
9N4s.00,readv2
8Hg8.00,readv2
H54z.00,readv2
H54..00,readv2
9On3.00,readv2
9Or2.00,readv2
9hH..00,readv2
9h1..00,readv2
9N4w.00,readv2
9Or3.00,readv2
9On0.00,readv2
9N2p.00,readv2
9N6T.00,readv2
679X.00,readv2
8Hk0.00,readv2
H541.00,readv2
I13.0,readv2
I32.2,readv2
I32.2,readv2
I13.0,readv2